{"access_token": "ya29.GlumBTEYypbKbV3WI2x4p4-8oHYBPtF4Mer2SkTmlHiZsXUsVHLjRMYSnCjV7g9CpFopq16zWMmWxVKFgCs5t-SMeeZ4blSibwU-VZ2Rtskumv40bJDY0aOvNUV4", "client_id": "530614968626-2j0jj2ln78nklo0ou45singv6aqjrba7.apps.googleusercontent.com", "client_secret": "Phu7IWnExwpzf3q0w9TOsr0F", "refresh_token": "1/QsJOTT8hkrfgV4Uebl22htuq5HL6EnScCrnEReJRnWA", "token_expiry": "2018-04-23T20:36:42Z", "token_uri": "https://accounts.google.com/o/oauth2/token", "user_agent": null, "revoke_uri": "https://accounts.google.com/o/oauth2/revoke", "id_token": null, "id_token_jwt": null, "token_response": {"access_token": "ya29.GlumBTEYypbKbV3WI2x4p4-8oHYBPtF4Mer2SkTmlHiZsXUsVHLjRMYSnCjV7g9CpFopq16zWMmWxVKFgCs5t-SMeeZ4blSibwU-VZ2Rtskumv40bJDY0aOvNUV4", "expires_in": 3600, "refresh_token": "1/QsJOTT8hkrfgV4Uebl22htuq5HL6EnScCrnEReJRnWA", "token_type": "Bearer"}, "scopes": ["https://www.googleapis.com/auth/gmail.labels", "https://www.googleapis.com/auth/gmail.compose", "https://www.googleapis.com/auth/gmail.settings.basic", "https://www.googleapis.com/auth/gmail.send", "https://www.googleapis.com/auth/gmail.metadata", "https://www.googleapis.com/auth/gmail.settings.sharing", "https://mail.google.com/", "https://www.googleapis.com/auth/gmail.modify", "https://www.googleapis.com/auth/gmail.insert", "https://www.googleapis.com/auth/gmail.readonly"], "token_info_uri": "https://www.googleapis.com/oauth2/v3/tokeninfo", "invalid": false, "_class": "OAuth2Credentials", "_module": "oauth2client.client"}